115037.02,470

115037.02,469

115037.02,469

115037.02,469

115037.02,469

115037.02,469

115037.02,470

115037.02,470

115037.02,471

115037.02,472

115040.83,473

115040.83,474

115040.83,476

115040.83,477

115040.83,479

115040.83,481

115040.83,483

115040.83,484

115040.83,487

115040.83,489

115040.83,491

115040.83,494

115040.83,497

115048.80,499

115048.80,501

115048.80,504

115048.80,506

115048.80,509

115048.80,511

115048.80,514

115048.80,516

115048.80,519

115048.80,521

115048.80,524

115048.80,526

115048.80,528

115066.55,530

115066.55,531

115066.55,532

115066.55,534

115066.55,536

115066.55,536

115066.55,538

115066.55,539

115066.55,540

115066.55,541

115066.55,541

115066.55,541

115066.55,542

115094.09,542

115094.09,542

115094.09,541

115094.09,540

115094.09,540

115094.09,540

115094.09,538

115094.09,537

115094.09,536

115094.09,535

115094.09,533

115094.09,531

115094.09,530

115094.09,529

115124.11,527

115124.11,524

115124.11,522

115124.11,520

115124.11,519

115124.11,516

115124.11,515

115124.11,512

115124.11,510

115124.11,507

115124.11,505

115124.11,504

115124.11,502

115132.58,500

115132.58,497

115132.58,495

115132.58,493

115132.58,491

115132.58,490

115132.58,489

115132.58,487

115132.58,486

115132.58,484

115132.58,483

115132.58,481

115132.58,481

115127.10,479

115127.10,478

115127.10,477

115127.10,476

115127.10,476

115127.10,475

115127.10,475

115127.10,474

115127.10,473

115127.10,473

115127.10,473

115127.10,473

115127.10,473

115133.07,473

115133.07,472

115133.07,472

115133.07,472

115133.07,472

115133.07,472

115133.07,472

115133.07,472

115133.07,472

115133.07,472

115133.07,472

115133.07,472

115133.07,473

115133.07,473

115144.19,473

115144.19,473

115144.19,473

115144.19,474

115144.19,474

115144.19,474

115144.19,475

115144.19,475

115144.19,476

115144.19,476

115144.19,476

115144.19,477

115144.19,477

115138.38,478

115138.38,478

115138.38,478

115138.38,479

115138.38,480

115138.38,481

115138.38,481

115138.38,483

115138.38,482

115138.38,483

115138.38,484

115138.38,486

115138.38,486

115067.55,487

115067.55,487

115067.55,488

115067.55,489

115067.55,490

115067.55,491

115067.55,491

115067.55,491

115067.55,493

115067.55,493

115067.55,494

115067.55,495

115067.55,495

115012.30,496

115012.30,496

115012.30,496

115012.30,497

115012.30,497

115012.30,498

115012.30,498

115012.30,497

115012.30,497

115012.30,497

115012.30,497

115012.30,497

115012.30,497

114973.32,497

114973.32,497

114973.32,496

114973.32,496

114973.32,496

114973.32,496

114973.32,496

114973.32,496

114973.32,496

114973.32,496

114973.32,497

114973.32,498

114973.32,498

114973.32,499

114970.50,500

114970.50,502

114970.50,504

114970.50,507

114970.50,509

114970.50,513

114970.50,515

114970.50,519

114970.50,524

114970.50,528

114970.50,532

114970.50,537

114970.50,542

114973.99,546

114973.99,552

114973.99,557

114973.99,562

114973.99,567

114973.99,571

114973.99,576

114973.99,581

114973.99,586

114973.99,590

114973.99,594

114973.99,598

114973.99,602

114966.35,605

114966.35,607

114966.35,610

114966.35,612

114966.35,614

114966.35,615

114966.35,616

114966.35,616

114966.35,617

114966.35,617

114966.35,616

114966.35,615

114966.35,614

114970.00,612

114970.00,610

114970.00,607

114970.00,604

114970.00,601

114970.00,597

114970.00,594

114970.00,590

114970.00,586

114970.00,581

114970.00,578

114970.00,573

114970.00,568

114970.00,563

114994.55,558

114994.55,554

114994.55,549

114994.55,545

114994.55,540

114994.55,535

114994.55,531

114994.55,526

114994.55,521

114994.55,517

114994.55,513

114994.55,508

114994.55,504

115030.55,500

115030.55,495

115030.55,492

115030.55,488

115030.55,484

115030.55,480

115030.55,477

115030.55,474

115030.55,470

115030.55,467

115030.55,464

115030.55,462

115030.55,459

115057.42,456

115057.42,455

115057.42,452

115057.42,450

115057.42,449

115057.42,447

115057.42,446

115057.42,445

115057.42,444

115057.42,444

115057.42,444

115057.42,444

115057.42,444

115079.32,445

115079.32,445

115079.32,446

115079.32,448

115079.32,449

115079.32,450

115079.32,452

115079.32,453

115079.32,456

115079.32,457

115079.32,460

115079.32,462

115079.32,464

115081.64,467

115081.64,470

115081.64,472

115081.64,475

115081.64,478

115081.64,481

115081.64,483

115081.64,486

115081.64,489

115081.64,491

115081.64,494

115081.64,496

115081.64,499

115081.64,502

115072.19,504

115072.19,505

115072.19,507

115072.19,508

115072.19,510

115072.19,511

115072.19,512

115072.19,513

115072.19,514

115072.19,515

115072.19,516

115072.19,515

115072.19,516

115059.58,516

115059.58,515

115059.58,515

115059.58,515

115059.58,515

115059.58,514

115059.58,513

115059.58,511

115059.58,511

115059.58,510

115059.58,508

115059.58,507

115059.58,505

115059.91,504

115059.91,503

115059.91,502

115059.91,501

115059.91,499

115059.91,497

115059.91,496

115059.91,494

115059.91,492

115059.91,491

115059.91,490

115059.91,488

115059.91,487

115063.89,486

115063.89,484

115063.89,483

115063.89,481

115063.89,481

115063.89,480

115063.89,479

115063.89,479

115063.89,479

115063.89,477

115063.89,477

115063.89,476

115063.89,475

115060.58,475

115060.58,475

115060.58,474

115060.58,475

115060.58,475

115060.58,474

115060.58,474

115060.58,474

115060.58,474

115060.58,474

115060.58,475

115060.58,475

115060.58,475

115060.58,475

115019.77,476

115019.77,477

115019.77,478

115019.77,479

115019.77,479

115019.77,481

115019.77,482

115019.77,483

115019.77,485

115019.77,486

115019.77,488

115019.77,489

115019.77,490

114943.46,492

114943.46,494

114943.46,495

114943.46,497

114943.46,498

114943.46,499

114943.46,501

114943.46,502

114943.46,505

114943.46,506

114943.46,507

114943.46,508

114943.46,509

114895.52,510

114895.52,511

114895.52,513

114895.52,513

114895.52,514

114895.52,514

114895.52,515

114895.52,516

114895.52,516

114895.52,517

114895.52,517

114895.52,516

114895.52,517

114899.16,517

114899.16,517

114899.16,517

114899.16,515

114899.16,515

114899.16,515

114899.16,515

114899.16,514

114899.16,514

114899.16,513

114899.16,513

114899.16,512

114899.16,511

114899.16,511

114904.64,510

114904.64,510

114904.64,509

114904.64,508

114904.64,508

114904.64,507

114904.64,507

114904.64,506

114904.64,506

114904.64,506

114904.64,504

114904.64,504

114904.64,504

114906.30,504

114906.30,504

114906.30,503

114906.30,502

114906.30,502

114906.30,501

114906.30,501

114906.30,501

114906.30,501

114906.30,501

114906.30,501

114906.30,500

114906.30,500

114912.77,501

114912.77,501

114912.77,501

114912.77,502

114912.77,502

114912.77,503

114912.77,504

114912.77,506

114912.77,508

114912.77,510

114912.77,513

114912.77,516

114912.77,519

114923.22,523

114923.22,527

114923.22,531

114923.22,535

114923.22,540

114923.22,544

114923.22,549

114923.22,554

114923.22,559

114923.22,563

114923.22,569

114923.22,573

114923.22,577

114931.17,583

114931.17,587

114931.17,591

114931.17,595

114931.17,598

114931.17,601

114931.17,604

114931.17,607

114931.17,609

114931.17,610

114931.17,612

114931.17,613

114931.17,613

114931.17,613

114936.32,614

114936.32,613

114936.32,612

114936.32,610

114936.32,608

114936.32,606

114936.32,603

114936.32,601

114936.32,597

114936.32,594

114936.32,590

114936.32,586

114936.32,583

114951.25,579

114951.25,574

114951.25,569

114951.25,565

114951.25,560

114951.25,555

114951.25,550

114951.25,545

114951.25,541

114951.25,536

114951.25,531

114951.25,526

114951.25,521

114960.54,517

114960.54,512

114960.54,507

114960.54,502

114960.54,497

114960.54,493

114960.54,489

114960.54,484

114960.54,480

114960.54,475

114960.54,472

114960.54,468

114960.54,463

114976.64,460

114976.64,457

114976.64,453

114976.64,450

114976.64,446

114976.64,444

114976.64,441

114976.64,439

114976.64,436

114976.64,434

114976.64,432

114976.64,430

114976.64,429

115005.83,428

115005.83,428

115005.83,428

115005.83,426

115005.83,426

115005.83,426

115005.83,428

115005.83,428

115005.83,429

115005.83,430

115005.83,432

115005.83,433

115005.83,435

115005.83,438

115032.53,440

115032.53,442

115032.53,444

115032.53,447

115032.53,449

115032.53,452

115032.53,455

115032.53,458

115032.53,461

115032.53,464

115032.53,467

115032.53,469

115032.53,473

115067.71,476

115067.71,479

115067.71,482

115067.71,483

115067.71,487

115067.71,489

115067.71,492

115067.71,494

115067.71,496

115067.71,499

115067.71,501

115067.71,502

115067.71,504

115082.81,505

115082.81,507

115082.81,508

115082.81,509

115082.81,509

115082.81,510

115082.81,512

115082.81,512

115082.81,513

115082.81,513

115082.81,511

115082.81,512

115082.81,511

115090.27,511

115090.27,511

115090.27,510

115090.27,509

115090.27,507

115090.27,507

115090.27,505

115090.27,504

115090.27,503

115090.27,501

115090.27,500

115090.27,499

115090.27,498

115090.27,496

115093.42,495

115093.42,493

115093.42,492

115093.42,490

115093.42,488

115093.42,488

115093.42,487

115093.42,485

115093.42,485

115093.42,483

115093.42,483

115093.42,482

115093.42,482

115086.96,481

115086.96,481

115086.96,481

115086.96,480

115086.96,481

115086.96,480

115086.96,481

115086.96,481

115086.96,482

115086.96,481

115086.96,482

115086.96,482

115086.96,484

115091.60,484

115091.60,485

115091.60,485

115091.60,486

115091.60,488

115091.60,488

115091.60,489

115091.60,489

115091.60,490

115091.60,490

115091.60,492

115091.60,492

115091.60,493

115117.48,494

115117.48,495

115117.48,494

115117.48,495

115117.48,495

115117.48,496

115117.48,496

115117.48,496

115117.48,497

115117.48,497

115117.48,497

115117.48,498

115117.48,498

115135.39,497

115135.39,498

115135.39,498

115135.39,498

115135.39,498

115135.39,498

115135.39,497

115135.39,497

115135.39,496

115135.39,496

115135.39,495

115135.39,495

115135.39,494

115135.39,494

115114.66,492

115114.66,492

115114.66,491

115114.66,491

115114.66,490

115114.66,490

115114.66,489

115114.66,488

115114.66,487

115114.66,486

115114.66,487

115114.66,486

115114.66,486

115111.50,484

115111.50,484

115111.50,483

115111.50,482

115111.50,482

115111.50,481

115111.50,481

115111.50,480

115111.50,479

115111.50,478

115111.50,478

115111.50,478

115111.50,477

115124.94,477

115124.94,477

115124.94,476

115124.94,477

115124.94,476

115124.94,476

115124.94,476

115124.94,475

115124.94,475

115124.94,475

115124.94,476

115124.94,476

115124.94,478

115138.22,477

115138.22,478

115138.22,479

115138.22,481

115138.22,482

115138.22,485

115138.22,486

115138.22,489

115138.22,492

115138.22,495

115138.22,498

115138.22,502

115138.22,507

115138.22,511

115151.16,516

115151.16,520

115151.16,525

115151.16,531

115151.16,535

115151.16,541

115151.16,546

115151.16,551

115151.16,556

115151.16,561

115151.16,567

115151.16,572

115151.16,576

115169.74,581

115169.74,584

115169.74,588

115169.74,591

115169.74,595

115169.74,597

115169.74,599

115169.74,601

115169.74,602

115169.74,603

115169.74,603

115169.74,603

115169.74,603

115172.89,602

115172.89,601

115172.89,599

115172.89,597

115172.89,595

115172.89,592

115172.89,589

115172.89,585

115172.89,581

115172.89,577

115172.89,573

115172.89,568

115172.89,564

115204.41,558

115204.41,553

115204.41,548

115204.41,543

115204.41,537

115204.41,532

115204.41,526

115204.41,520

115204.41,514

115204.41,508

115204.41,503

115204.41,497

115204.41,493

115236.43,487

115236.43,481

115236.43,476

115236.43,471

115236.43,466

115236.43,461

115236.43,456

115236.43,451

115236.43,446

115236.43,442

115236.43,437

115236.43,432

115236.43,427

115236.43,422

115407.98,417

115407.98,411

115407.98,406

115407.98,401

115407.98,395

115407.98,390

115407.98,385

115407.98,380

115407.98,375

115407.98,370

115407.98,366

115407.98,361

115407.98,358

115583.02,354

115583.02,351

115583.02,348

115583.02,346

115583.02,344

115583.02,343

115583.02,343

115583.02,342

115583.02,342

115583.02,343

115583.02,344

115583.02,346

115583.02,349

115564.44,351

115564.44,353

115564.44,357

115564.44,361

115564.44,365

115564.44,370

115564.44,375

115564.44,380

115564.44,386

115564.44,392

115564.44,399

115564.44,404

115564.44,410

115530.92,418

115530.92,424

115530.92,430

115530.92,437

115530.92,444

115530.92,450

115530.92,457

115530.92,463

115530.92,469

115530.92,475

115530.92,481

115530.92,487

115530.92,492

115530.92,497

115511.85,501

115511.85,506

115511.85,510

115511.85,514

115511.85,517

115511.85,520

115511.85,523

115511.85,526

115511.85,528

115511.85,529

115511.85,532

115511.85,533

115511.85,533

115488.28,534

115488.28,534

115488.28,534

115488.28,534

115488.28,534

115488.28,534

115488.28,533

115488.28,531

115488.28,530

115488.28,529

115488.28,527

115488.28,526

115488.28,523

115461.24,521

115461.24,520

115461.24,518

115461.24,515

115461.24,514

115461.24,512

115461.24,511

115461.24,508

115461.24,506

115461.24,505

115461.24,502

115461.24,501

115461.24,500

115396.86,499

115396.86,497

115396.86,497

115396.86,495

115396.86,495

115396.86,493

115396.86,493

115396.86,492

115396.86,491

115396.86,491

115396.86,491

115396.86,491

115396.86,491

115396.86,492

115327.85,492

115327.85,493

115327.85,493

115327.85,493

115327.85,494

115327.85,496

115327.85,497

115327.85,497

115327.85,498

115327.85,499

115327.85,501

115327.85,503

115327.85,504

115278.74,505

115278.74,507

115278.74,509

115278.74,510

115278.74,511

115278.74,512

115278.74,514

115278.74,515

115278.74,516

115278.74,517

115278.74,518

115278.74,519

115278.74,520

115260.49,521

115260.49,521

115260.49,522

115260.49,522

115260.49,523

115260.49,523

115260.49,523

115260.49,523

115260.49,523

115260.49,524

115260.49,523

115260.49,523

115260.49,522

115262.48,521

115262.48,522

115262.48,521

115262.48,520

115262.48,519

115262.48,518

115262.48,517

115262.48,517

115262.48,516

115262.48,515

115262.48,514

115262.48,513

115262.48,512

115262.48,510

115254.02,509

115254.02,508

115254.02,506

115254.02,505

115254.02,503

115254.02,502

115254.02,501

115254.02,500

115254.02,499

115254.02,497

115254.02,495

115254.02,495

115254.02,493

115257.50,492

115257.50,490

115257.50,489

115257.50,488

115257.50,487

115257.50,487

115257.50,486

115257.50,486

115257.50,485

115257.50,486

115257.50,486

115257.50,487

115257.50,488

115267.29,490

115267.29,492

115267.29,494

115267.29,497

115267.29,501

115267.29,505

115267.29,510

115267.29,514

115267.29,520

115267.29,526

115267.29,532

115267.29,537

115267.29,543

115246.88,550

115246.88,556

115246.88,563

115246.88,569

115246.88,575

115246.88,581

115246.88,586

115246.88,592

115246.88,597

115246.88,602

115246.88,607

115246.88,610

115246.88,613

115246.88,617

115226.64,621

115226.64,623

115226.64,625

115226.64,626

115226.64,627

115226.64,627

115226.64,627

115226.64,626

115226.64,625

115226.64,624

115226.64,622

115226.64,619

115226.64,617

115222.00,613

115222.00,610

115222.00,607

115222.00,602

115222.00,598

115222.00,593

115222.00,589

115222.00,584

115222.00,579

115222.00,573

115222.00,569

115222.00,563

115222.00,558

115220.50,553

115220.50,547

115220.50,543

115220.50,537

115220.50,532

115220.50,528

115220.50,522

115220.50,518

115220.50,513

115220.50,508

115220.50,504

115220.50,499

115220.50,495

115216.69,490

115216.69,486

115216.69,482

115216.69,478

115216.69,474

115216.69,470

115216.69,467

115216.69,463

115216.69,460

115216.69,458

115216.69,454

115216.69,452

115216.69,449

115216.69,448

115208.39,445

115208.39,444

115208.39,442

115208.39,441

115208.39,439

115208.39,438

115208.39,438

115208.39,437

115208.39,437

115208.39,437

115208.39,437

115208.39,439

115208.39,439

115198.77,441

115198.77,442

115198.77,444

115198.77,446

115198.77,448

115198.77,451

115198.77,453

115198.77,455

115198.77,458

115198.77,460

115198.77,464

115198.77,467

115198.77,470

115193.46,473

115193.46,477

115193.46,480

115193.46,483

115193.46,486

115193.46,489

115193.46,492

115193.46,496

115193.46,499

115193.46,502

115193.46,504

115193.46,507

115193.46,510

115176.71,512

115176.71,515

115176.71,517

115176.71,519

115176.71,520

115176.71,522

115176.71,523

115176.71,524

115176.71,525

115176.71,526

115176.71,525

115176.71,526

115176.71,526

115169.41,526

115169.41,526

115169.41,526

115169.41,525

115169.41,525

115169.41,523

115169.41,522

115169.41,521

115169.41,520

115169.41,519

115169.41,518

115169.41,517

115169.41,515

115169.41,514

115177.21,512

115177.21,511

115177.21,509

115177.21,508

115177.21,506

115177.21,504

115177.21,503

115177.21,501

115177.21,499

115177.21,498

115177.21,497

115177.21,495

115177.21,493

115185.17,492

115185.17,491

115185.17,489

115185.17,488

115185.17,487

115185.17,486

115185.17,485

115185.17,483

115185.17,483

115185.17,482

115185.17,480

115185.17,480

115185.17,479

115188.82,479

115188.82,479

115188.82,478

115188.82,478

115188.82,477

115188.82,477

115188.82,477

115188.82,476

115188.82,476

115188.82,476

115188.82,476

115188.82,476

115188.82,477

115180.52,477

115180.52,477

115180.52,478

115180.52,479

115180.52,479

115180.52,479

115180.52,479

115180.52,480

115180.52,480

115180.52,481

115180.52,481

115180.52,482

115180.52,483

115171.07,483

115171.07,484

115171.07,484

115171.07,485

115171.07,485

115171.07,485

115171.07,487

115171.07,488

115171.07,488

115171.07,488

115171.07,489

115171.07,489

115171.07,489

115171.07,490

115165.59,490

115165.59,490

115165.59,490

115165.59,491

115165.59,491

115165.59,492

115165.59,492

115165.59,493

115165.59,492

115165.59,492

115165.59,492

115165.59,493

115165.59,493

115165.92,493

115165.92,493

115165.92,493

115165.92,493

115165.92,492

115165.92,492

115165.92,493

115165.92,492

115165.92,492

115165.92,491

115165.92,491

115165.92,491

115165.92,490

115171.72,490

115171.72,490

115171.72,490

115171.72,488

115171.72,488

115171.72,487

115171.72,487

115171.72,486

115171.72,486

115171.72,485

115171.72,485

115171.72,485

115171.72,484

115172.39,484

115172.39,483

115172.39,483

115172.39,482

115172.39,482

115172.39,481

115172.39,481

115172.39,482

115172.39,481

115172.39,481

115172.39,481

115172.39,481

115172.39,482

115172.39,482

115175.55,483

115175.55,485

115175.55,486

115175.55,487

115175.55,490

115175.55,492

115175.55,496

115175.55,499

115175.55,503

115175.55,507

115175.55,512

115175.55,518

115175.55,523

115182.67,529

115182.67,535

115182.67,542

115182.67,547

115182.67,554

115182.67,561

115182.67,567

115182.67,574

115182.67,580

115182.67,586

115182.67,593

115182.67,598

115182.67,604

115184.67,609

115184.67,613

115184.67,617

115184.67,621

115184.67,625

115184.67,627

115184.67,629

115184.67,631

115184.67,633

115184.67,633

115184.67,635

115184.67,634

115184.67,633

115178.36,633

115178.36,630

115178.36,629

115178.36,626

115178.36,624

115178.36,620

115178.36,618

115178.36,614

115178.36,609

115178.36,605

115178.36,600

115178.36,595

115178.36,590

115173.88,585

115173.88,579

115173.88,575

115173.88,569

115173.88,563

115173.88,558

115173.88,552

115173.88,547

115173.88,542

115173.88,536

115173.88,530

115173.88,525

115173.88,520

115173.88,515

115171.23,510

115171.23,506

115171.23,501

115171.23,496

115171.23,491

115171.23,488

115171.23,484

115171.23,480

115171.23,477

115171.23,473

115171.23,470

115171.23,468

115171.23,464

115160.44,462

115160.44,458

115160.44,456

115160.44,453

115160.44,451

115160.44,450

115160.44,448

115160.44,446

115160.44,444

115160.44,444

115160.44,443

115160.44,443

115160.44,443

115154.32,443

115154.32,443

115154.32,442

115154.32,443

115154.32,445

115154.32,446

115154.32,447

115154.32,448

115154.32,450

115154.32,452

115154.32,455

115154.32,456

115154.32,459

115158.96,461

115158.96,464

115158.96,467

115158.96,470

115158.96,472

115158.96,475

115158.96,479

115158.96,481

115158.96,484

115158.96,487

115158.96,491

115158.96,494

115158.96,497

115138.38,501

115138.38,504

115138.38,506

115138.38,509

115138.38,512

115138.38,515

115138.38,518

115138.38,521

115138.38,523

115138.38,525

115138.38,527

115138.38,529

115138.38,531

115138.38,532

115103.38,534

115103.38,536

115103.38,537

115103.38,537

115103.38,539

115103.38,538

115103.38,539

115103.38,539

115103.38,539

115103.38,540

115103.38,539

115103.38,539

115103.38,538

115097.07,537

115097.07,537

115097.07,535

115097.07,534

115097.07,533

115097.07,531

115097.07,529

115097.07,527

115097.07,526

115097.07,524

115097.07,522

115097.07,520

115097.07,518

115100.56,515

115100.56,513

115100.56,511

115100.56,509

115100.56,507

115100.56,504

115100.56,503

115100.56,500

115100.56,498

115100.56,495

115100.56,494

115100.56,492

115100.56,490

115089.60,489

115089.60,488

115089.60,486

115089.60,484

115089.60,483

115089.60,482

115089.60,480

115089.60,480

115089.60,479

115089.60,478

115089.60,477

115089.60,476

115089.60,475

115089.60,475

115066.22,474

115066.22,475

115066.22,475

115066.22,474

115066.22,474

115066.22,474

115066.22,475

115066.22,475

115066.22,475

115066.22,476

115066.22,477

115066.22,478

115066.22,478

115051.96,478

115051.96,479

115051.96,479

115051.96,481

115051.96,482

115051.96,482

115051.96,483

115051.96,484

115051.96,484

115051.96,486

115051.96,487

115051.96,488

115051.96,489

115013.79,489

115013.79,490

115013.79,491

115013.79,492

115013.79,493

115013.79,494

115013.79,494

115013.79,496

115013.79,496

115013.79,497

115013.79,497

115013.79,498

115013.79,499

115000.02,499

115000.02,500

115000.02,500

115000.02,501

115000.02,500

115000.02,500

115000.02,501

115000.02,501

115000.02,501

115000.02,501

115000.02,500

115000.02,501

115000.02,500

114995.21,500

114995.21,500

114995.21,500

114995.21,500

114995.21,499

114995.21,499

114995.21,498

114995.21,498

114995.21,498

114995.21,497

114995.21,496

114995.21,497

114995.21,496

114995.21,495

115002.52,494

115002.52,494

115002.52,493

115002.52,493

115002.52,491

115002.52,491

115002.52,490

115002.52,489

115002.52,488

115002.52,488

115002.52,487

115002.52,486

115002.52,485

115026.24,485

115026.24,483

115026.24,483

115026.24,482

115026.24,481

115026.24,481

115026.24,480

115026.24,479

115026.24,479

115026.24,478

115026.24,477

115026.24,477

115026.24,477

115049.96,477

115049.96,477

115049.96,477

115049.96,478

115049.96,479

115049.96,481

115049.96,483

115049.96,485

115049.96,488

115049.96,490

115049.96,494

115049.96,498

115049.96,502

115051.96,507

115051.96,512

115051.96,518

115051.96,524

115051.96,530

115051.96,536

115051.96,542

115051.96,549

115051.96,556

115051.96,563

115051.96,569

115051.96,575

115051.96,581

115051.96,586

115061.07,592

115061.07,598

115061.07,603

115061.07,607

115061.07,611

115061.07,614

115061.07,617

115061.07,620

115061.07,622

115061.07,623

115061.07,625

115061.07,625

115061.07,625

115057.09,624

115057.09,623

115057.09,623

115057.09,621

115057.09,619

115057.09,616

115057.09,614

115057.09,610

115057.09,607

115057.09,603

115057.09,599

115057.09,593

115057.09,590

115045.49,585

115045.49,580

115045.49,575

115045.49,569

115045.49,564

115045.49,559

115045.49,553

115045.49,548

115045.49,543

115045.49,537

115045.49,532

115045.49,527

115045.49,522

115045.82,517

115045.82,512

115045.82,506

115045.82,502

115045.82,497

115045.82,493

115045.82,489

115045.82,484

115045.82,481

115045.82,476

115045.82,473

115045.82,469

115045.82,465

115045.82,463

115058.58,459

115058.58,456

115058.58,453

115058.58,450

115058.58,448

115058.58,446

115058.58,444

115058.58,442

115058.58,440

115058.58,439

115058.58,438

115058.58,438

115058.58,437

115065.39,437

115065.39,436

115065.39,437

115065.39,438

115065.39,438

115065.39,439

115065.39,440

115065.39,441

115065.39,444

115065.39,445

115065.39,447

115065.39,450

115065.39,451

115074.67,455

115074.67,457

115074.67,460

115074.67,462

115074.67,466

115074.67,468

115074.67,471

115074.67,474

115074.67,477

115074.67,481

115074.67,484

115074.67,487

115074.67,490

115085.96,493

115085.96,497

115085.96,499

115085.96,502

115085.96,505

115085.96,509

115085.96,511

115085.96,514

115085.96,515

115085.96,518

115085.96,520

115085.96,522

115085.96,524

115084.63,524

115084.63,526

115084.63,527

115084.63,528

115084.63,529

115084.63,529

115084.63,528

115084.63,528

115084.63,528

115084.63,527

115084.63,527

115084.63,526

115084.63,525

115084.63,524

115088.44,523

115088.44,521

115088.44,520

115088.44,518

115088.44,517

115088.44,515

115088.44,514

115088.44,512

115088.44,510

115088.44,508

115088.44,506

115088.44,504

115088.44,502

115087.45,501

115087.45,499

115087.45,497

115087.45,495

115087.45,494

115087.45,492

115087.45,489

115087.45,488

115087.45,487

115087.45,485

115087.45,484

115087.45,483

115087.45,481

115084.13,481

115084.13,480

115084.13,479

115084.13,479

115084.13,478

115084.13,477

115084.13,477

115084.13,476

115084.13,476

115084.13,476

115084.13,476

115084.13,476

115084.13,476

115063.73,476

115063.73,477

115063.73,478

115063.73,478

115063.73,479

115063.73,480

115063.73,481

115063.73,482

115063.73,483

115063.73,484

115063.73,487

115063.73,488

115063.73,489

115004.67,491

115004.67,493

115004.67,494

115004.67,496

115004.67,497

115004.67,499

115004.67,501

115004.67,502

115004.67,503

115004.67,505

115004.67,507

115004.67,508

115004.67,508

115004.67,510

114988.75,511

114988.75,512

114988.75,513

114988.75,514

114988.75,514

114988.75,515

114988.75,516

114988.75,517

114988.75,517

114988.75,517

114988.75,517

114988.75,517

114988.75,517

114989.91,518

114989.91,517

114989.91,517

114989.91,517

114989.91,516

114989.91,516

114989.91,514

114989.91,514

114989.91,514

114989.91,513

114989.91,512

114989.91,512

114989.91,511

115003.01,510

115003.01,510

115003.01,509

115003.01,508

115003.01,507

115003.01,507

115003.01,506

115003.01,506

115003.01,505

115003.01,503

115003.01,503

115003.01,503

115003.01,502

115010.82,502

115010.82,501

115010.82,500

115010.82,500

115010.82,500

115010.82,499

115010.82,499

115010.82,499

115010.82,498

115010.82,497

115010.82,498

115010.82,497

115010.82,497

115010.82,497

115007.82,497

115007.82,496

115007.82,496

115007.82,496

115007.82,495

115007.82,495

115007.82,495

115007.82,495

115007.82,495

115007.82,496

115007.82,495

115007.82,495

115007.82,494

115022.59,496

115022.59,497

115022.59,497

115022.59,497

115022.59,499

115022.59,501

115022.59,503

115022.59,506

115022.59,509

115022.59,511

115022.59,515

115022.59,518

115022.59,523

115039.17,527

115039.17,531

115039.17,537

115039.17,542

115039.17,548

115039.17,552

115039.17,558

115039.17,564

115039.17,568

115039.17,574

115039.17,579

115039.17,585

115039.17,590

115039.67,595

115039.67,599

115039.67,604

115039.67,607

115039.67,610

115039.67,612

115039.67,615

115039.67,617

115039.67,619

115039.67,620

115039.67,621

115039.67,621

115039.67,621

115043.16,620

115043.16,620

115043.16,618

115043.16,616

115043.16,614

115043.16,611

115043.16,608

115043.16,605

115043.16,601

115043.16,597

115043.16,592

115043.16,588

115043.16,583

115043.16,579

115055.92,574

115055.92,569

115055.92,563

115055.92,559

115055.92,553

115055.92,548

115055.92,542

115055.92,537

115055.92,532

115055.92,526

115055.92,521

115055.92,516

115055.92,512

115067.55,507

115067.55,503

115067.55,497

115067.55,493

115067.55,488

115067.55,484

115067.55,481

115067.55,477

115067.55,473

115067.55,470

115067.55,466

115067.55,463

115067.55,461

115070.03,456

115070.03,455

115070.03,452

115070.03,450

115070.03,448

115070.03,446

115070.03,444

115070.03,442

115070.03,441

115070.03,439

115070.03,439

115070.03,438

115070.03,437

115073.85,437

115073.85,437

115073.85,437

115073.85,437

115073.85,438

115073.85,439

115073.85,440

115073.85,442

115073.85,443

115073.85,445

115073.85,447

115073.85,449

115073.85,451

115084.96,454

115084.96,457

115084.96,460

115084.96,462

115084.96,465

115084.96,467

115084.96,471

115084.96,474

115084.96,476

115084.96,479

115084.96,482

115084.96,485

115084.96,489

115084.96,491

115072.69,494

115072.69,497

115072.69,499

115072.69,502

115072.69,505

115072.69,507

115072.69,510

115072.69,511

115072.69,513

115072.69,514

115072.69,517

115072.69,519

115072.69,519

115079.99,521

115079.99,521

115079.99,522

115079.99,522

115079.99,523

115079.99,523

115079.99,522

115079.99,522

115079.99,522

115079.99,521

115079.99,521

115079.99,520

115079.99,519

115095.58,518

115095.58,517

115095.58,516

115095.58,514

115095.58,513

115095.58,512

115095.58,510

115095.58,510

115095.58,509

115095.58,507

115095.58,506

115095.58,505

115095.58,503

115095.75,502

115095.75,501

115095.75,500

115095.75,499

115095.75,498

115095.75,496

115095.75,495

115095.75,494

115095.75,493

115095.75,491

115095.75,490

115095.75,490

115095.75,488

115095.75,488

115126.27,486

115126.27,485

115126.27,484

115126.27,483

115126.27,482

115126.27,482

115126.27,480

115126.27,480

115126.27,479

115126.27,479

115126.27,478

115126.27,478

115126.27,478

115144.35,477

115144.35,477

115144.35,476

115144.35,476

115144.35,476

115144.35,476

115144.35,476

115144.35,476

115144.35,476

115144.35,476

115144.35,476

115144.35,477

115144.35,477

115138.22,477

115138.22,477

115138.22,478

115138.22,478

115138.22,478

115138.22,479

115138.22,480

115138.22,479

115138.22,480

115138.22,480

115138.22,480

115138.22,482

115138.22,482

115137.72,481

115137.72,482

115137.72,481

115137.72,483

115137.72,483

115137.72,482

115137.72,483

115137.72,483

115137.72,484

115137.72,484

115137.72,484

115137.72,484

115137.72,484

115132.24,485

115132.24,485

115132.24,485

115132.24,485

115132.24,485

115132.24,486

115132.24,486

115132.24,486

115132.24,486

115132.24,486

115132.24,486

115132.24,486

115132.24,487

115132.24,487

115127.60,486

115127.60,486

115127.60,486

115127.60,486

115127.60,486

115127.60,487

115127.60,486

115127.60,486

115127.60,486

115127.60,486

115127.60,486

115127.60,485

115127.60,485

115129.92,485

115129.92,484

115129.92,483

115129.92,483

115129.92,484

115129.92,483

115129.92,483

115129.92,482

115129.92,481

115129.92,482

115129.92,481

115129.92,482

115129.92,482

115126.11,482

115126.11,482

115126.11,482

115126.11,483

115126.11,483

115126.11,484

115126.11,485

115126.11,487

115126.11,489

115126.11,490

115126.11,493

115126.11,496

115126.11,499

115138.05,503

115138.05,506

115138.05,510

115138.05,515

115138.05,520

115138.05,525

115138.05,531

115138.05,536

115138.05,542

115138.05,548

115138.05,554

115138.05,560

115138.05,566

115134.57,572

115134.57,577

115134.57,583

115134.57,589

115134.57,594

115134.57,599

115134.57,603

115134.57,608

115134.57,611

115134.57,615

115134.57,618

115134.57,620

115134.57,622

115134.57,624

115120.30,624

115120.30,626

115120.30,625

115120.30,624

115120.30,624

115120.30,622

115120.30,620

115120.30,618

115120.30,615

115120.30,611

115120.30,609

115120.30,605

115120.30,600

115120.14,596

115120.14,592

115120.14,587

115120.14,582

115120.14,576

115120.14,570

115120.14,565

115120.14,560

115120.14,555

115120.14,549

115120.14,544

115120.14,539

115120.14,533

115122.78,528

115122.78,523

115122.78,518

115122.78,513

115122.78,509

115122.78,504

115122.78,499

115122.78,495

115122.78,492

115122.78,487

115122.78,484

115122.78,480

115122.78,477

115121.30,473

115121.30,471

115121.30,468

115121.30,465

115121.30,462

115121.30,460

115121.30,458

115121.30,455

115121.30,454

115121.30,451

115121.30,450

115121.30,448

115121.30,447

115108.36,447

115108.36,446

115108.36,445

115108.36,444

115108.36,444

115108.36,445

115108.36,445

115108.36,445

115108.36,447

115108.36,448

115108.36,449

115108.36,451

115108.36,452

115108.36,455

115093.59,457

115093.59,459

115093.59,462

115093.59,465

115093.59,466

115093.59,469

115093.59,472

115093.59,475

115093.59,479

115093.59,481

115093.59,484

115093.59,488

115093.59,490

115085.46,494

115085.46,496

115085.46,500

115085.46,502

115085.46,504

115085.46,507

115085.46,511

115085.46,512

115085.46,515

115085.46,517

115085.46,519

115085.46,521

115085.46,523

115079.00,525

115079.00,526

115079.00,528

115079.00,529

115079.00,529

115079.00,531

115079.00,531

115079.00,531

115079.00,532

115079.00,533

115079.00,533

115079.00,533

115079.00,532

115079.00,531

115074.02,532

115074.02,530

115074.02,529

115074.02,528

115074.02,527

115074.02,525

115074.02,523

115074.02,522

115074.02,520

115074.02,517

115074.02,515

115074.02,513

115074.02,511

115085.63,508

115085.63,506

115085.63,504

115085.63,500

115085.63,498

115085.63,495

115085.63,493

115085.63,490

115085.63,487

115085.63,485

115085.63,483

115085.63,481

115085.63,479

115098.24,476

115098.24,474

115098.24,473

115098.24,470

115098.24,469

115098.24,467

115098.24,466

115098.24,465

115098.24,464

115098.24,461

115098.24,461

115098.24,460

115098.24,458

115088.44,459

115088.44,458

115088.44,458

115088.44,457

115088.44,457

115088.44,456

115088.44,457

115088.44,456

115088.44,456

115088.44,457

115088.44,456

115088.44,457

115088.44,457

115088.44,458

115092.10,459

115092.10,458

115092.10,458

115092.10,460

115092.10,460

115092.10,461

115092.10,462

115092.10,462

115092.10,462

115092.10,464

115092.10,464

115092.10,466

115092.10,467

115095.58,467

115095.58,468

115095.58,469

115095.58,470

115095.58,472

115095.58,472

115095.58,474

115095.58,474

115095.58,475

115095.58,476

115095.58,477

115095.58,478

115095.58,478

115107.36,479

115107.36,480

115107.36,480

115107.36,481

115107.36,481

115107.36,482

115107.36,483

115107.36,484

115107.36,483

115107.36,484

115107.36,484

115107.36,485

115107.36,485

115116.49,486

115116.49,486

115116.49,487

115116.49,487

115116.49,487

115116.49,486

115116.49,487

115116.49,487

115116.49,488

115116.49,487

115116.49,488

115116.49,487

115116.49,488

115106.69,489

115106.69,488

115106.69,489

115106.69,489

115106.69,488

115106.69,489

115106.69,489

115106.69,489

115106.69,489

115106.69,490

115106.69,489

115106.69,489

115106.69,490

115106.69,490

115111.34,490

115111.34,490

115111.34,490

115111.34,491

115111.34,491

115111.34,491

115111.34,492

115111.34,493

115111.34,494

115111.34,494

115111.34,496

115111.34,498

115111.34,500

115125.61,502

115125.61,505

115125.61,508

115125.61,512

115125.61,516

115125.61,521

115125.61,526

115125.61,531

115125.61,536

115125.61,542

115125.61,548

115125.61,554

115125.61,561

115132.41,567

115132.41,573

115132.41,579

115132.41,585

115132.41,591

115132.41,596

115132.41,602

115132.41,607

115132.41,612

115132.41,617

115132.41,620

115132.41,624

115132.41,627

115138.22,629

115138.22,632

115138.22,633

115138.22,634

115138.22,635

115138.22,635

115138.22,635

115138.22,634

115138.22,633

115138.22,632

115138.22,628

115138.22,626

115138.22,623

115139.38,620

115139.38,617

115139.38,612

115139.38,608

115139.38,603

115139.38,598

115139.38,593

115139.38,589

115139.38,583

115139.38,578

115139.38,573

115139.38,568

115139.38,562

115139.38,556

115146.85,551

115146.85,546

115146.85,540

115146.85,534

115146.85,529

115146.85,524

115146.85,519

115146.85,515

115146.85,509

115146.85,505

115146.85,500

115146.85,495

115146.85,491

115172.72,488

115172.72,484

115172.72,479

115172.72,476

115172.72,472

115172.72,469

115172.72,466

115172.72,463

115172.72,459

115172.72,457

115172.72,454

115172.72,451

115172.72,449

115179.19,447

115179.19,445

115179.19,444

115179.19,442

115179.19,440

115179.19,439

115179.19,439

115179.19,438

115179.19,438

115179.19,438

115179.19,438

115179.19,439

115179.19,440

115164.42,442

115164.42,443

115164.42,443

115164.42,445

115164.42,447

115164.42,448

115164.42,451

115164.42,453

115164.42,456

115164.42,459

115164.42,461

115164.42,462

115164.42,466

115168.08,469

115168.08,472

115168.08,475

115168.08,477

115168.08,481

115168.08,484

115168.08,487

115168.08,490

115168.08,493

115168.08,495

115168.08,498

115168.08,501

115168.08,503

115168.08,507

115176.38,509

115176.38,511

115176.38,513

115176.38,515

115176.38,517

115176.38,519

115176.38,520

115176.38,522

115176.38,523

115176.38,524

115176.38,525

115176.38,526

115176.38,527

115172.72,527

115172.72,527

115172.72,526

115172.72,526

115172.72,526

115172.72,525

115172.72,524

115172.72,524

115172.72,523

115172.72,521

115172.72,520

115172.72,519

115172.72,517

115182.17,517

115182.17,515

115182.17,513

115182.17,512

115182.17,509

115182.17,508

115182.17,507

115182.17,505

115182.17,503

115182.17,502

115182.17,500

115182.17,498

115182.17,496

115180.19,494

115180.19,493

115180.19,492

115180.19,490

115180.19,488

115180.19,488

115180.19,486

115180.19,485

115180.19,484

115180.19,483

115180.19,482

115180.19,481

115180.19,480

115179.53,480

115179.53,479

115179.53,479

115179.53,479

115179.53,479

115179.53,478

115179.53,478

115179.53,478

115179.53,478

115179.53,478

115179.53,478

115179.53,479

115179.53,479

115179.53,479

115178.03,479

115178.03,480

115178.03,480

115178.03,481

115178.03,481

115178.03,482

115178.03,482

115178.03,482

115178.03,482

115178.03,483

115178.03,484

115178.03,484

115178.03,485

115170.40,486

115170.40,486

115170.40,488

115170.40,487

115170.40,488

115170.40,488

115170.40,489

115170.40,489

115170.40,488

115170.40,489

115170.40,490

115170.40,490

115170.40,491

115162.10,491

115162.10,491

115162.10,491

115162.10,491

115162.10,491

115162.10,491

115162.10,490

115162.10,490

115162.10,491

115162.10,490

115162.10,490

115162.10,489

115162.10,490

115154.97,489

115154.97,489

115154.97,489

115154.97,489

115154.97,489

115154.97,488

115154.97,488

115154.97,488

115154.97,487

115154.97,487

115154.97,487

115154.97,487

115154.97,487

115154.97,486

115146.35,485

115146.35,485

115146.35,484

115146.35,484

115146.35,484

115146.35,483

115146.35,483

115146.35,482

115146.35,482

115146.35,481

115146.35,481

115146.35,481

115146.35,480

115135.23,480

115135.23,479

115135.23,479

115135.23,479

115135.23,479

115135.23,478

115135.23,478

115135.23,479

115135.23,478

115135.23,479

115135.23,479

115135.23,479

115135.23,479

115125.94,480

115125.94,480

115125.94,481

115125.94,482

115125.94,484

115125.94,485

115125.94,487

115125.94,489

115125.94,492

115125.94,495

115125.94,500

115125.94,503

115125.94,507

115122.46,512

115122.46,516

115122.46,522

115122.46,527

115122.46,532

115122.46,539

115122.46,544

115122.46,550

115122.46,556

115122.46,562

115122.46,568

115122.46,574

115122.46,579

115110.02,585

115110.02,590

115110.02,595

115110.02,599

115110.02,604

115110.02,607

115110.02,611

115110.02,613

115110.02,616

115110.02,618

115110.02,619

115110.02,620

115110.02,620

115110.02,621

115102.88,620

115102.88,619

115102.88,617

115102.88,615

115102.88,613

115102.88,611

115102.88,608

115102.88,605

115102.88,601

115102.88,597

115102.88,593

115102.88,588

115102.88,584

115102.71,580

115102.71,574

115102.71,569

115102.71,565

115102.71,558

115102.71,553

115102.71,548

115102.71,543

115102.71,537

115102.71,532

115102.71,527

115102.71,522

115102.71,518

115089.78,513

115089.78,508

115089.78,503

115089.78,500

115089.78,495

115089.78,489

115089.78,486

115089.78,482

115089.78,478

115089.78,475

115089.78,472

115089.78,469

115089.78,466

115071.03,463

115071.03,460

115071.03,457

115071.03,455

115071.03,452

115071.03,451

115071.03,449

115071.03,447

115071.03,446

115071.03,445

115071.03,443

115071.03,442

115071.03,442

115071.03,441

115061.24,442

115061.24,442

115061.24,442

115061.24,443

115061.24,445

115061.24,445

115061.24,447

115061.24,448

115061.24,450

115061.24,452

115061.24,454

115061.24,456

115061.24,459

115066.72,462

115066.72,465

115066.72,468

115066.72,470

115066.72,474

115066.72,476

115066.72,479

115066.72,483

115066.72,486

115066.72,490

115066.72,492

115066.72,496

115066.72,499

115056.42,502

115056.42,505

115056.42,508

115056.42,510

115056.42,512

115056.42,515

115056.42,517

115056.42,520

115056.42,522

115056.42,524

115056.42,525

115056.42,527

115056.42,529

115024.91,530

115024.91,531

115024.91,531

115024.91,532

115024.91,533

115024.91,533

115024.91,534

115024.91,534

115024.91,534

115024.91,534

115024.91,533

115024.91,533

115024.91,533

115026.24,532

115026.24,532

115026.24,532

115026.24,531

115026.24,531

115026.24,530

115026.24,529

115026.24,527

115026.24,527

115026.24,526

115026.24,525

115026.24,525

115026.24,524

115026.24,523

115035.36,522

115035.36,521

115035.36,520

115035.36,519

115035.36,518

115035.36,517

115035.36,516

115035.36,515

115035.36,514

115035.36,513

115035.36,512

115035.36,511

115035.36,510

115047.47,508

115047.47,507

115047.47,507

115047.47,505

115047.47,504

115047.47,503

115047.47,502

115047.47,501

115047.47,500

115047.47,500

115047.47,499

115047.47,498

115047.47,497

115051.46,497

115051.46,497

115051.46,496

115051.46,495

115051.46,495

115051.46,494

115051.46,494

115051.46,493

115051.46,493

115051.46,493

115051.46,493

115051.46,492

115051.46,492

115052.78,492

115052.78,492

115052.78,492

115052.78,492

115052.78,492

115052.78,491

115052.78,492

115052.78,492

115052.78,492

115052.78,491

115052.78,492

115052.78,491

115052.78,492

115052.78,493

115067.05,493

115067.05,492

115067.05,493

115067.05,492

115067.05,493

115067.05,493

115067.05,493

115067.05,494

115067.05,493

115067.05,494

115067.05,495

115067.05,494

115067.05,495

115069.03,495

115069.03,494

115069.03,495

115069.03,495

115069.03,495

115069.03,495

115069.03,494

115069.03,495

115069.03,495

115069.03,495

115069.03,494

115069.03,494

115069.03,494

115071.53,494

115071.53,494

115071.53,494

115071.53,494

115071.53,493

115071.53,492

115071.53,493

115071.53,492

115071.53,492

115071.53,492

115071.53,491

115071.53,491

115071.53,491

115084.13,491

115084.13,491

115084.13,491

115084.13,490

115084.13,489

115084.13,490

115084.13,490

115084.13,489

115084.13,489

115084.13,489

115084.13,488

115084.13,489

115084.13,489

115084.13,490

115085.29,489

115085.29,490

115085.29,491

115085.29,492

115085.29,492

115085.29,493

115085.29,494

115085.29,496

115085.29,498

115085.29,499

115085.29,501

115085.29,504

115085.29,507

115077.66,510

115077.66,514

115077.66,517

115077.66,521

115077.66,525

115077.66,530

115077.66,534

115077.66,540

115077.66,545

115077.66,550

115077.66,555

115077.66,561

115077.66,567

115103.88,573

115103.88,578

115103.88,584

115103.88,589

115103.88,594

115103.88,599

115103.88,603

115103.88,609

115103.88,612

115103.88,616

115103.88,619

115103.88,622

115103.88,625

115107.36,627

115107.36,628

115107.36,630

115107.36,630

115107.36,631

115107.36,631

115107.36,631

115107.36,630

115107.36,629

115107.36,627

115107.36,625

115107.36,622

115107.36,619

115098.57,616

115098.57,613

115098.57,609

115098.57,605

115098.57,600

115098.57,596

115098.57,591

115098.57,586

115098.57,581

115098.57,576

115098.57,571

115098.57,565

115098.57,559

115098.57,554

115095.91,548

115095.91,543

115095.91,537

115095.91,531

115095.91,526

115095.91,521

115095.91,516

115095.91,510

115095.91,506

115095.91,501

115095.91,496

115095.91,492

115095.91,487

115101.06,484

115101.06,480

115101.06,477

115101.06,473

115101.06,469

115101.06,467

115101.06,464

115101.06,461

115101.06,458

115101.06,456

115101.06,454

115101.06,451

115101.06,450

115090.60,448

115090.60,448

115090.60,447

115090.60,446

115090.60,446

115090.60,446

115090.60,446

115090.60,447

115090.60,447

115090.60,449

115090.60,450

115090.60,451

115090.60,453

115088.28,455

115088.28,457

115088.28,459

115088.28,462

115088.28,464

115088.28,467

115088.28,469

115088.28,472

115088.28,475

115088.28,479

115088.28,482

115088.28,484

115088.28,488

115086.13,491

115086.13,495

115086.13,497

115086.13,500

115086.13,503

115086.13,506

115086.13,509

115086.13,512

115086.13,514

115086.13,517

115086.13,520

115086.13,522

115086.13,524

115086.13,526

115078.33,528

115078.33,529

115078.33,531

115078.33,532

115078.33,532

115078.33,534

115078.33,535

115078.33,534

115078.33,535

115078.33,534

115078.33,534

115078.33,533

115078.33,533

115083.14,533

115083.14,532

115083.14,531

115083.14,529

115083.14,528

115083.14,527

115083.14,525

115083.14,524

115083.14,523

115083.14,521

115083.14,519

115083.14,518

115083.14,516

115081.48,514

115081.48,512

115081.48,511

115081.48,509

115081.48,507

115081.48,506

115081.48,503

115081.48,501

115081.48,499

115081.48,498

115081.48,497

115081.48,495

115081.48,494

115082.64,493

115082.64,491

115082.64,489

115082.64,488

115082.64,487

115082.64,486

115082.64,484

115082.64,483

115082.64,483

115082.64,482

115082.64,481

115082.64,480

115082.64,480

115088.78,479

115088.78,479

115088.78,479

115088.78,477

115088.78,477

115088.78,477

115088.78,477

115088.78,477

115088.78,476

115088.78,477

115088.78,477

115088.78,477

115088.78,478

115088.78,477

115095.91,478

115095.91,478

115095.91,478

115095.91,479

115095.91,479

115095.91,479

115095.91,480

115095.91,481

115095.91,481

115095.91,482

115095.91,483

115095.91,484

115095.91,485

115107.69,486

115107.69,486

115107.69,487

115107.69,487

115107.69,489

115107.69,489

115107.69,490

115107.69,491

115107.69,492

115107.69,492

115107.69,493

115107.69,493

115107.69,494

115107.86,496

115107.86,495

115107.86,496

115107.86,495

115107.86,496

115107.86,496

115107.86,497

115107.86,497

115107.86,498

115107.86,497

115107.86,498

115107.86,497

115107.86,497

115104.71,498

115104.71,497

115104.71,497

115104.71,497

115104.71,497

115104.71,496

115104.71,496

115104.71,496

115104.71,496

115104.71,495

115104.71,494

115104.71,495

115104.71,493

115098.07,493

115098.07,493

115098.07,492

115098.07,492

115098.07,492

115098.07,491

115098.07,491

115098.07,490

115098.07,490

115098.07,490

115098.07,489

115098.07,490

115098.07,490

115098.07,490

115094.25,491

115094.25,491

115094.25,490

115094.25,491

115094.25,492

115094.25,493

115094.25,493

115094.25,494

115094.25,496

115094.25,498

115094.25,500

115094.25,502

115094.25,504

115097.91,508

115097.91,510

115097.91,515

115097.91,519

115097.91,523

115097.91,528

115097.91,532

115097.91,537

115097.91,543

115097.91,548

115097.91,554

115097.91,559

115097.91,565

115102.71,571

115102.71,576

115102.71,582

115102.71,586

115102.71,592

115102.71,597

115102.71,602

115102.71,606

115102.71,609

115102.71,613

115102.71,616

115102.71,620

115102.71,622

115081.97,623

115081.97,625

115081.97,627

115081.97,628

115081.97,627

115081.97,628

115081.97,627

115081.97,626

115081.97,625

115081.97,622

115081.97,620

115081.97,618

115081.97,615

115081.97,612

115060.58,609

115060.58,605

115060.58,602

115060.58,598

115060.58,593

115060.58,588

115060.58,584

115060.58,580

115060.58,576

115060.58,571

115060.58,567

115060.58,562

115060.58,558

115052.28,554

115052.28,549

115052.28,545

115052.28,541

115052.28,537

115052.28,532

115052.28,529

115052.28,526

115052.28,521

115052.28,518

115052.28,515

115052.28,511

115052.28,508

115058.25,504

115058.25,501

115058.25,498

115058.25,494

115058.25,491

115058.25,489

115058.25,486

115058.25,483

115058.25,481

115058.25,479

115058.25,477

115058.25,474

115058.25,472

115080.49,470

115080.49,469

115080.49,468

115080.49,466

115080.49,465

115080.49,464

115080.49,464

115080.49,463

115080.49,463

115080.49,464

115080.49,463

115080.49,464

115080.49,465

115078.82,467

115078.82,468

115078.82,469

115078.82,471

115078.82,472

115078.82,475

115078.82,476

115078.82,478

115078.82,480

115078.82,483

115078.82,486

115078.82,488

115078.82,490

115078.82,493

115073.35,495

115073.35,498

115073.35,499

115073.35,502

115073.35,504

115073.35,506

115073.35,508

115073.35,510

115073.35,512

115073.35,513

115073.35,516

115073.35,517

115073.35,518

115086.96,519

115086.96,520

115086.96,520

115086.96,521

115086.96,522

115086.96,522

115086.96,523

115086.96,523

115086.96,523

115086.96,524

115086.96,523

115086.96,523

115086.96,523

115083.31,523

115083.31,522

115083.31,521

115083.31,519

115083.31,519

115083.31,519

115083.31,518

115083.31,517

115083.31,517

115083.31,515

115083.31,513

115083.31,512

115083.31,510

115084.80,509

115084.80,507

115084.80,507

115084.80,505

115084.80,503

115084.80,502

115084.80,501

115084.80,499

115084.80,498

115084.80,496

115084.80,495

115084.80,493

115084.80,491

115099.57,490

115099.57,489

115099.57,488

115099.57,487

115099.57,486

115099.57,484

115099.57,484

115099.57,483

115099.57,482

115099.57,481

115099.57,481

115099.57,480

115099.57,479

115099.57,480

115096.74,479

115096.74,479

115096.74,479

115096.74,480

115096.74,480

115096.74,480

115096.74,480

115096.74,480

115096.74,481

115096.74,480

115096.74,481

115096.74,481

115096.74,482

115092.60,482

115092.60,481

115092.60,482

115092.60,482

115092.60,482

115092.60,483

115092.60,484

115092.60,484

115092.60,484

115092.60,485

115092.60,485

115092.60,486

115092.60,487

115100.89,486

115100.89,486

115100.89,487

115100.89,487

115100.89,487

115100.89,487

115100.89,487

115100.89,488

115100.89,487

115100.89,488

115100.89,488

115100.89,488

115100.89,488

115102.38,488

115102.38,489

115102.38,489

115102.38,489

115102.38,488

115102.38,489

115102.38,489

115102.38,489

115102.38,489

115102.38,489

115102.38,490

115102.38,490

115102.38,490

115102.38,490

115101.06,490

115101.06,491

115101.06,490

115101.06,490

115101.06,491

115101.06,491

115101.06,491

115101.06,491

115101.06,491

115101.06,492

115101.06,492

115101.06,492

115101.06,492

115103.05,491

115103.05,491

115103.05,492

115103.05,493

115103.05,493

115103.05,493

115103.05,493

115103.05,493

115103.05,493

115103.05,493

115103.05,494

115103.05,493

115103.05,493

115101.06,493

115101.06,493

115101.06,492

115101.06,492

115101.06,492

115101.06,492

115101.06,492

115101.06,492

115101.06,492

115101.06,491

115101.06,491

115101.06,491

115101.06,492

115105.21,492

115105.21,493

115105.21,493

115105.21,494

115105.21,496

115105.21,497

115105.21,498

115105.21,500

115105.21,503

115105.21,506

115105.21,509

115105.21,513

115105.21,517

115105.21,521

115091.77,526

115091.77,532

115091.77,538

115091.77,544

115091.77,550

115091.77,556

115091.77,563

115091.77,569

115091.77,575

115091.77,582

115091.77,589

115091.77,595

115091.77,601

115080.82,606

115080.82,612

115080.82,616

115080.82,621

115080.82,625

115080.82,628

115080.82,632

115080.82,635

115080.82,637

115080.82,639

115080.82,640

115080.82,641

115080.82,641

115094.92,641

115094.92,640

115094.92,639

115094.92,637

115094.92,635

115094.92,632

115094.92,629

115094.92,626

115094.92,623

115094.92,619

115094.92,615

115094.92,611

115094.92,606

115114.66,602

115114.66,597

115114.66,591

115114.66,587

115114.66,581

115114.66,576

115114.66,571

115114.66,565

115114.66,560

115114.66,555

115114.66,549

115114.66,545

115114.66,539

115120.46,535

115120.46,530

115120.46,525

115120.46,520

115120.46,515

115120.46,511

115120.46,506

115120.46,502

115120.46,498

115120.46,494

115120.46,490

115120.46,487

115120.46,483

115120.46,479

115132.58,477

115132.58,473

115132.58,470

115132.58,468

115132.58,465

115132.58,462

115132.58,460

115132.58,457

115132.58,456

115132.58,455

115132.58,453

115132.58,452

115132.58,451

115137.89,451

115137.89,449

115137.89,449

115137.89,450

115137.89,449

115137.89,449

115137.89,451

115137.89,451

115137.89,453

115137.89,455

115137.89,456

115137.89,458

115137.89,460

115126.60,463

115126.60,465

115126.60,467

115126.60,470

115126.60,473

115126.60,474

115126.60,477

115126.60,480

115126.60,484

115126.60,487

115126.60,490

115126.60,491

115126.60,494

115125.94,497

115125.94,499

115125.94,502

115125.94,505

115125.94,507

115125.94,508

115125.94,510

115125.94,512

115125.94,514

115125.94,515

115125.94,516

115125.94,517

115125.94,519

115125.94,520

115122.96,520

115122.96,521

115122.96,521

115122.96,521

115122.96,521

115122.96,521

115122.96,520

115122.96,520

115122.96,519

115122.96,520

115122.96,518

115122.96,517

115122.96,517

115118.80,516

115118.80,515

115118.80,514

115118.80,513

115118.80,511

115118.80,510

115118.80,509

115118.80,507

115118.80,505

115118.80,503

115118.80,502

115118.80,501

115118.80,499

115117.98,498

115117.98,496

115117.98,495

115117.98,494

115117.98,493

115117.98,491

115117.98,490

115117.98,489

115117.98,488

115117.98,487

115117.98,486

115117.98,486

115117.98,484

115111.50,484

115111.50,483

115111.50,483

115111.50,482

115111.50,481

115111.50,480

115111.50,479

115111.50,480

115111.50,479

115111.50,480

115111.50,480

115111.50,480

115111.50,480

115092.75,480

115092.75,480

115092.75,481

115092.75,480

115092.75,480

115092.75,481

115092.75,482

115092.75,482

115092.75,483

115092.75,484

115092.75,484

115092.75,484

115092.75,485

115092.75,485

115089.78,486

115089.78,486

115089.78,487

115089.78,488

115089.78,488

115089.78,489

115089.78,489

115089.78,489

115089.78,490

115089.78,491

115089.78,491

115089.78,491

115089.78,492

115082.14,493

115082.14,492

115082.14,493

115082.14,492

115082.14,494

115082.14,493

115082.14,494

115082.14,493

115082.14,494

115082.14,494

115082.14,495

115082.14,494

115082.14,495

115065.39,494

115065.39,494

115065.39,495

115065.39,495

115065.39,494

115065.39,495

115065.39,494

115065.39,494

115065.39,494

115065.39,494

115065.39,494

115065.39,493

115065.39,493

115079.49,493

115079.49,493

115079.49,492

115079.49,492

115079.49,491

115079.49,491

115079.49,491

115079.49,490

115079.49,490

115079.49,490

115079.49,489

115079.49,489

115079.49,489

115087.12,489

115087.12,488

115087.12,488

115087.12,488

115087.12,487

115087.12,487

115087.12,487

115087.12,487

115087.12,487

115087.12,486

115087.12,486

115087.12,486

115087.12,485

115087.12,485

115084.80,485

115084.80,485

115084.80,484

115084.80,484

115084.80,483

115084.80,484

115084.80,484

115084.80,483

115084.80,484

115084.80,484

115084.80,483

115084.80,483

115084.80,483

115083.80,484

115083.80,484

115083.80,484

115083.80,484

115083.80,484

115083.80,485

115083.80,486

115083.80,486

115083.80,487

115083.80,488

115083.80,489

115083.80,492

115083.80,494

115078.33,497

115078.33,499

115078.33,503

115078.33,506

115078.33,510

115078.33,515

115078.33,520

115078.33,525

115078.33,530

115078.33,535

115078.33,541

115078.33,547

115078.33,553

115067.21,560

115067.21,565

115067.21,571

115067.21,577

115067.21,583

115067.21,588

115067.21,594

115067.21,599

115067.21,604

115067.21,607

115067.21,612

115067.21,615

115067.21,618

115041.17,621

115041.17,624

115041.17,625

115041.17,626

115041.17,627

115041.17,627

115041.17,627

115041.17,627

115041.17,625

115041.17,624

115041.17,622

115041.17,619

115041.17,616

115041.17,613

115033.86,610

115033.86,606

115033.86,602

115033.86,597

115033.86,594

115033.86,588

115033.86,584

115033.86,579

115033.86,574

115033.86,569

115033.86,563

115033.86,558

115033.86,554

115043.49,548

115043.49,543

115043.49,537

115043.49,533

115043.49,528

115043.49,524

115043.49,519

115043.49,514

115043.49,510

115043.49,506

115043.49,501

115043.49,498

115043.49,493

115050.96,489

115050.96,486

115050.96,483

115050.96,478

115050.96,475

115050.96,473

115050.96,470

115050.96,466

115050.96,463

115050.96,460

115050.96,457

115050.96,455

115050.96,453

115063.57,452

115063.57,450

115063.57,449

115063.57,447

115063.57,446

115063.57,445

115063.57,445

115063.57,444

115063.57,444

115063.57,444

115063.57,443

115063.57,444

115063.57,446

115063.57,447

115054.93,448

115054.93,450

115054.93,453

115054.93,455

115054.93,457

115054.93,459

115054.93,463

